[
  {
    "name": "Colors",
    "settings": [
      {
        "type": "color",
        "id": "bg",
        "label": "Background color",
        "default": "#ffffff"
      },
      {
        "type": "color",
        "id": "text_color",
        "label": "Text color",
        "default": "#000000"
      }
    ]
  },
  {
    "name": "Settings",
    "settings": [
      {
        "type": "checkbox",
        "id": "show_search",
        "label": "Show search form?",
        "default": true
      }
    ]
  }
]